Name,Slug,Collection ID,Locale ID,Item ID,Created On,Updated On,Published On,Type,Date,Number of the Month,Number of the Day,Number of the Year,Offset,Link to the Webflow update node,Special icon,Notes
Background-clip,background-clip,66b30b0082f3bdff5f671e71,66b30b0082f3bdff5f671e2a,66b30b0082f3bdff5f671fe0,Fri Aug 07 2020 10:01:22 GMT+0000 (Coordinated Universal Time),Fri Aug 07 2020 10:01:22 GMT+0000 (Coordinated Universal Time),Fri Aug 07 2020 18:31:53 GMT+0000 (Coordinated Universal Time),feature,Fri Aug 07 2020 00:00:00 GMT+0000 (Coordinated Universal Time),8,7,2020,1,,,
University 2.0,university-2-0,66b30b0082f3bdff5f671e71,66b30b0082f3bdff5f671e2a,66b30b0082f3bdff5f671fcc,Fri Aug 07 2020 09:29:52 GMT+0000 (Coordinated Universal Time),Fri Aug 07 2020 09:32:56 GMT+0000 (Coordinated Universal Time),Fri Aug 07 2020 18:31:53 GMT+0000 (Coordinated Universal Time),announcement,Fri Aug 07 2020 00:00:00 GMT+0000 (Coordinated Universal Time),8,7,2020,8,https://wfl.io/3gwM3Wm,,New library of lessons covering everything from layout and typography to interactions and 3D transforms
Clean Up IX2,clean-up-ix2,66b30b0082f3bdff5f671e71,66b30b0082f3bdff5f671e2a,66b30b0082f3bdff5f671e74,Fri Aug 07 2020 09:28:43 GMT+0000 (Coordinated Universal Time),Fri Aug 07 2020 09:32:28 GMT+0000 (Coordinated Universal Time),Fri Aug 07 2020 18:31:53 GMT+0000 (Coordinated Universal Time),feature,Tue Aug 04 2020 00:00:00 GMT+0000 (Coordinated Universal Time),8,4,2020,7,https://webflow.com/feature/clean-up-unused-interactions,,Clean your interactions panel up by bulk selecting and removing all unused interactions and animations
A11Y Elements,a11y-elements,66b30b0082f3bdff5f671e71,66b30b0082f3bdff5f671e2a,66b30b0082f3bdff5f671fa7,Fri Aug 07 2020 09:27:09 GMT+0000 (Coordinated Universal Time),Fri Aug 07 2020 09:32:08 GMT+0000 (Coordinated Universal Time),Fri Aug 07 2020 18:31:53 GMT+0000 (Coordinated Universal Time),feature,Fri Jul 24 2020 00:00:00 GMT+0000 (Coordinated Universal Time),7,24,2020,6,https://webflow.com/feature/most-commonly-used-elements-now-keyboard-and-screen-reader-accessible,,Most commonly used elements and components are now keyboard and screen reader accessible
Buy Now button,buy-now-button,66b30b0082f3bdff5f671e71,66b30b0082f3bdff5f671e2a,66b30b0082f3bdff5f671fda,Fri Aug 07 2020 09:26:01 GMT+0000 (Coordinated Universal Time),Fri Aug 07 2020 09:31:51 GMT+0000 (Coordinated Universal Time),Fri Aug 07 2020 18:31:53 GMT+0000 (Coordinated Universal Time),feature,Tue Jun 30 2020 00:00:00 GMT+0000 (Coordinated Universal Time),6,30,2020,5,https://webflow.com/feature/buy-now-button?utm_source=sybg&utm_medium=in-app-update&utm_campaign=buy-now-button,,Buy Now checkout option for your Ecommerce store lets your customers check out faster
Bulk delete Assets,bulk-delete-assets,66b30b0082f3bdff5f671e71,66b30b0082f3bdff5f671e2a,66b30b0082f3bdff5f671f08,Fri Aug 07 2020 09:24:40 GMT+0000 (Coordinated Universal Time),Fri Aug 07 2020 09:31:36 GMT+0000 (Coordinated Universal Time),Fri Aug 07 2020 18:31:53 GMT+0000 (Coordinated Universal Time),feature,Thu May 21 2020 00:00:00 GMT+0000 (Coordinated Universal Time),5,21,2020,4,https://webflow.com/feature/bulk-delete-in-the-asset-manager-wide-view?utm_source=sybg&utm_medium=in-app-update&utm_campaign=asset-manager-bulk-actions,,Select multiple (or all) of your assets at once in the wide view of the asset manager to delete unneeded files.
 Printful Integration,printful-ecomm-integration,66b30b0082f3bdff5f671e71,66b30b0082f3bdff5f671e2a,66b30b0082f3bdff5f671fb1,Fri Aug 07 2020 09:23:54 GMT+0000 (Coordinated Universal Time),Fri Aug 07 2020 09:31:19 GMT+0000 (Coordinated Universal Time),Fri Aug 07 2020 18:31:53 GMT+0000 (Coordinated Universal Time),feature,Wed May 20 2020 00:00:00 GMT+0000 (Coordinated Universal Time),5,20,2020,3,https://webflow.com/feature/announcing-a-new-integration-with-printful?utm_source=sybg&utm_medium=in-app-update&utm_campaign=printful-integration-announcement,,Connect your Webflow Ecommerce store to Printful to get a print-on-demand store.
Digital goods ᵇ,sell-digital-goods-beta,66b30b0082f3bdff5f671e71,66b30b0082f3bdff5f671e2a,66b30b0082f3bdff5f672038,Fri Aug 07 2020 09:22:01 GMT+0000 (Coordinated Universal Time),Tue Aug 11 2020 12:26:45 GMT+0000 (Coordinated Universal Time),Tue Aug 11 2020 12:26:50 GMT+0000 (Coordinated Universal Time),feature,Fri May 15 2020 00:00:00 GMT+0000 (Coordinated Universal Time),5,15,2020,2,https://webflow.com/feature/digital-downloads?utm_source=sybg&utm_medium=in-app-update&utm_campaign=digital-downloads,,Add links to file downloads to any of your products. 
Shippo integration,shippo-integration,66b30b0082f3bdff5f671e71,66b30b0082f3bdff5f671e2a,66b30b0082f3bdff5f671fa3,Thu Apr 23 2020 14:57:29 GMT+0000 (Coordinated Universal Time),Fri Aug 07 2020 09:09:04 GMT+0000 (Coordinated Universal Time),Fri Aug 07 2020 18:31:53 GMT+0000 (Coordinated Universal Time),feature,Thu Apr 23 2020 00:00:00 GMT+0000 (Coordinated Universal Time),4,23,2020,1,https://webflow.com/blog/shippo-integration?utm_source=sybg&utm_medium=in-app-update&utm_campaign=shippo-integration,,"Keep your Ecommerce orders synced in Shippo, easily create shipping labels, and automate order tracking for your customers."
Nested Collection Lists,nested-collection-lists,66b30b0082f3bdff5f671e71,66b30b0082f3bdff5f671e2a,66b30b0082f3bdff5f671fc9,Thu Apr 23 2020 14:56:15 GMT+0000 (Coordinated Universal Time),Thu Apr 23 2020 15:26:56 GMT+0000 (Coordinated Universal Time),Fri Aug 07 2020 18:31:53 GMT+0000 (Coordinated Universal Time),feature,Tue Apr 21 2020 00:00:00 GMT+0000 (Coordinated Universal Time),4,21,2020,8,https://webflow.com/blog/nested-collection-lists-are-here?utm_source=sybg&utm_medium=in-app-update&utm_campaign=nested-collections,,"Nest a ‘child’ collection list into a ‘parent’ to display categories, tags — or any referenced content — in your designs."
3 larger breakpoints,3-larger-breakpoints,66b30b0082f3bdff5f671e71,66b30b0082f3bdff5f671e2a,66b30b0082f3bdff5f671ee4,Mon Apr 13 2020 23:02:42 GMT+0000 (Coordinated Universal Time),Mon Apr 13 2020 23:03:58 GMT+0000 (Coordinated Universal Time),Fri Aug 07 2020 18:31:53 GMT+0000 (Coordinated Universal Time),feature,Thu Apr 09 2020 00:00:00 GMT+0000 (Coordinated Universal Time),4,9,2020,7,https://webflow.com/blog/3-new-larger-breakpoints-in-webflow,,"Customize your designs for larger screens with 3 new device breakpoints at 1280px, 1440px, and 1920px."
Symbol Content Overrides,symbol-content-overrides,66b30b0082f3bdff5f671e71,66b30b0082f3bdff5f671e2a,66b30b0082f3bdff5f671fbf,Fri Mar 27 2020 12:21:07 GMT+0000 (Coordinated Universal Time),Fri Mar 27 2020 12:21:07 GMT+0000 (Coordinated Universal Time),Fri Aug 07 2020 18:31:53 GMT+0000 (Coordinated Universal Time),major-feature,Fri Mar 20 2020 00:00:00 GMT+0000 (Coordinated Universal Time),3,20,2020,6,https://webflow.com/blog/content-overrides-for-symbols,,
"""OR"" Collection filtering",or-collection-filtering,66b30b0082f3bdff5f671e71,66b30b0082f3bdff5f671e2a,66b30b0082f3bdff5f671f9f,Fri Mar 27 2020 12:08:47 GMT+0000 (Coordinated Universal Time),Fri Mar 27 2020 12:21:30 GMT+0000 (Coordinated Universal Time),Fri Aug 07 2020 18:31:53 GMT+0000 (Coordinated Universal Time),feature,Tue Mar 10 2020 00:00:00 GMT+0000 (Coordinated Universal Time),3,10,2020,5,https://webflow.com/feature/create-better-browsing-experiences-with-enhanced-collection-filtering?utm_source=in-app-update&utm_medium=update&utm_campaign=or-filtering-and-more,,
#nocode Conference,nocode-conference,66b30b0082f3bdff5f671e71,66b30b0082f3bdff5f671e2a,66b30b0082f3bdff5f671f3c,Mon Mar 02 2020 14:30:04 GMT+0000 (Coordinated Universal Time),Mon Mar 02 2020 14:30:04 GMT+0000 (Coordinated Universal Time),Fri Aug 07 2020 18:31:53 GMT+0000 (Coordinated Universal Time),event,Wed Nov 18 2020 00:00:00 GMT+0000 (Coordinated Universal Time),11,18,2020,3,https://twitter.com/NoCodeConf/status/1230633954387976192,,
Ecomm. Email mgmt,ecomm-email-mgmt,66b30b0082f3bdff5f671e71,66b30b0082f3bdff5f671e2a,66b30b0082f3bdff5f671faa,Fri Feb 21 2020 12:22:52 GMT+0000 (Coordinated Universal Time),Fri Feb 21 2020 12:23:15 GMT+0000 (Coordinated Universal Time),Fri Aug 07 2020 18:31:53 GMT+0000 (Coordinated Universal Time),feature,Thu Feb 20 2020 00:00:00 GMT+0000 (Coordinated Universal Time),2,20,2020,4,https://webflow.com/feature/better-manage-ecommerce-emails?utm_source=in-app-update&utm_medium=update&utm_campaign=enhanced-email-mgmt-ecomm,,Manage emails for your Ecommerce customers and team.
Prebuilt layouts,prebuilt-layouts,66b30b0082f3bdff5f671e71,66b30b0082f3bdff5f671e2a,66b30b0082f3bdff5f671fac,Fri Feb 21 2020 12:21:41 GMT+0000 (Coordinated Universal Time),Fri Feb 21 2020 12:21:53 GMT+0000 (Coordinated Universal Time),Fri Aug 07 2020 18:31:53 GMT+0000 (Coordinated Universal Time),remarkable-feature,Fri Feb 07 2020 00:00:00 GMT+0000 (Coordinated Universal Time),2,7,2020,3,https://webflow.com/feature/build-faster-with-prebuilt-layouts?utm_source=in-app-update&utm_medium=SYBG&utm_campaign=prebuilt-layouts,,Build faster with prebuilt layouts
Object-position support,object-position-support,66b30b0082f3bdff5f671e71,66b30b0082f3bdff5f671e2a,66b30b0082f3bdff5f671fd4,Fri Feb 21 2020 12:20:26 GMT+0000 (Coordinated Universal Time),Fri Feb 21 2020 12:20:26 GMT+0000 (Coordinated Universal Time),Fri Aug 07 2020 18:31:53 GMT+0000 (Coordinated Universal Time),feature,Fri Jan 24 2020 00:00:00 GMT+0000 (Coordinated Universal Time),1,24,2020,2,https://webflow.com/feature/control-image-positioning-with-object-position?utm_source=in-app-update&utm_medium=SYBG&utm_campaign=object-position,,Control image positioning with object-position.
Object-fit support,object-fit-support,66b30b0082f3bdff5f671e71,66b30b0082f3bdff5f671e2a,66b30b0082f3bdff5f672034,Fri Feb 21 2020 12:19:09 GMT+0000 (Coordinated Universal Time),Fri Feb 21 2020 12:19:09 GMT+0000 (Coordinated Universal Time),Fri Aug 07 2020 18:31:53 GMT+0000 (Coordinated Universal Time),feature,Fri Dec 20 2019 00:00:00 GMT+0000 (Coordinated Universal Time),12,20,2019,1,https://webflow.com/feature/object-fit-support?utm_source=in-app-update&utm_medium=SYBG&utm_campaign=object-fit,,Control image resizing within elements using object-fit.
No Shipping Checkout,no-shipping-checkout,66b30b0082f3bdff5f671e71,66b30b0082f3bdff5f671e2a,66b30b0082f3bdff5f672030,Fri Feb 21 2020 12:18:06 GMT+0000 (Coordinated Universal Time),Fri Feb 21 2020 12:18:06 GMT+0000 (Coordinated Universal Time),Fri Aug 07 2020 18:31:53 GMT+0000 (Coordinated Universal Time),light-feature,Thu Dec 12 2019 00:00:00 GMT+0000 (Coordinated Universal Time),12,12,2019,,https://webflow.com/feature/orders-that-dont-require-shipping?utm_source=in-app-update&utm_medium=SYBG&utm_campaign=orders-wthout-shipping,,Simplify checkout for orders that don’t need shipping.
Canvas zoom,canvas-zoom,66b30b0082f3bdff5f671e71,66b30b0082f3bdff5f671e2a,66b30b0082f3bdff5f671f8a,Fri Feb 21 2020 12:16:03 GMT+0000 (Coordinated Universal Time),Fri Feb 21 2020 12:16:03 GMT+0000 (Coordinated Universal Time),Fri Aug 07 2020 18:31:53 GMT+0000 (Coordinated Universal Time),feature,Mon Dec 02 2019 00:00:00 GMT+0000 (Coordinated Universal Time),12,2,2019,4,https://webflow.com/feature/resize-the-designer-canvas-to-preview-site-on-larger-screens?utm_source=in-app-update&utm_medium=SYBG&utm_campaign=canvas-resizing,,Resize the Designer canvas to preview site on larger screens.
Custom easing curves for IX,custom-easing-curves-for-interactions,66b30b0082f3bdff5f671e71,66b30b0082f3bdff5f671e2a,66b30b0082f3bdff5f672032,Fri Feb 21 2020 12:13:43 GMT+0000 (Coordinated Universal Time),Mon Apr 20 2020 09:41:56 GMT+0000 (Coordinated Universal Time),Fri Aug 07 2020 18:31:53 GMT+0000 (Coordinated Universal Time),light-feature,Fri Nov 22 2019 00:00:00 GMT+0000 (Coordinated Universal Time),11,22,2019,,https://webflow.com/feature/custom-easing-curves-for-interactions?utm_source=in-app-update&utm_medium=SYBG&utm_campaign=ix-custom-easing,,Set custom easing curves for each step of your interactions.
IX Easing Curves,ix-easing-curves,66b30b0082f3bdff5f671e71,66b30b0082f3bdff5f671e2a,66b30b0082f3bdff5f671e9b,Mon Dec 02 2019 10:34:54 GMT+0000 (Coordinated Universal Time),Mon Dec 02 2019 10:34:54 GMT+0000 (Coordinated Universal Time),Fri Aug 07 2020 18:31:53 GMT+0000 (Coordinated Universal Time),feature,Fri Nov 22 2019 00:00:00 GMT+0000 (Coordinated Universal Time),11,22,2019,7,https://webflow.com/feature/custom-easing-curves-for-interactions?utm_source=in-app-update&utm_medium=SYBG&utm_campaign=ix-custom-easing,,
Custom Code in Rich Text,custom-code-in-rich-text,66b30b0082f3bdff5f671e71,66b30b0082f3bdff5f671e2a,66b30b0082f3bdff5f671fb7,Mon Dec 02 2019 08:25:47 GMT+0000 (Coordinated Universal Time),Mon Dec 02 2019 08:29:45 GMT+0000 (Coordinated Universal Time),Fri Aug 07 2020 18:31:53 GMT+0000 (Coordinated Universal Time),remarkable-feature,Thu Nov 21 2019 00:00:00 GMT+0000 (Coordinated Universal Time),11,21,2019,8,https://webflow.com/feature/custom-code-in-rich-text-elements?utm_source=in-app-update&utm_medium=SYBG&utm_campaign=custom-code-rte,https://uploads-ssl.webflow.com/66b30b0082f3bdff5f671e51/66b30b0082f3bdff5f6720ee_programming-language-html-5.svg,
PayPal Checkout,paypal-checkout,66b30b0082f3bdff5f671e71,66b30b0082f3bdff5f671e2a,66b30b0082f3bdff5f671fc8,Mon Dec 02 2019 08:24:09 GMT+0000 (Coordinated Universal Time),Mon Dec 02 2019 08:27:46 GMT+0000 (Coordinated Universal Time),Fri Aug 07 2020 18:31:53 GMT+0000 (Coordinated Universal Time),feature,Sat Oct 05 2019 00:00:00 GMT+0000 (Coordinated Universal Time),10,5,2019,5,https://webflow.com/blog/paypal-for-ecommerce?utm_source=webflow-update?utm_medium=sybg?utm_campaign=paypal-checkout-launch,https://uploads-ssl.webflow.com/66b30b0082f3bdff5f671e51/66b30b0082f3bdff5f6720ed_logo%20paypal.svg,
Custom Checkbox & Radio,custom-checkbox-and-radio,66b30b0082f3bdff5f671e71,66b30b0082f3bdff5f671e2a,66b30b0082f3bdff5f671fb2,Mon Dec 02 2019 08:22:48 GMT+0000 (Coordinated Universal Time),Mon Apr 20 2020 09:43:09 GMT+0000 (Coordinated Universal Time),Fri Aug 07 2020 18:31:53 GMT+0000 (Coordinated Universal Time),feature,Wed Sep 25 2019 00:00:00 GMT+0000 (Coordinated Universal Time),9,25,2019,3,https://webflow.com/feature/customize-form-checkboxes-and-radio-buttons,https://uploads-ssl.webflow.com/66b30b0082f3bdff5f671e51/66b30b0082f3bdff5f6720ea_Check%205.svg,
Prdct. Variant Im. galleries,product-variant-image-galleries,66b30b0082f3bdff5f671e71,66b30b0082f3bdff5f671e2a,66b30b0082f3bdff5f671fd7,Mon Dec 02 2019 08:21:12 GMT+0000 (Coordinated Universal Time),Mon Apr 20 2020 09:41:25 GMT+0000 (Coordinated Universal Time),Fri Aug 07 2020 18:31:53 GMT+0000 (Coordinated Universal Time),feature,Thu Sep 19 2019 00:00:00 GMT+0000 (Coordinated Universal Time),9,19,2019,2,https://webflow.com/feature/showcase-unique-image-galleries-per-product-variant,https://uploads-ssl.webflow.com/66b30b0082f3bdff5f671e51/66b30b0082f3bdff5f6720ec_Art%20Gallery%201.svg,
Lottie animations support,lottie-animations-support,66b30b0082f3bdff5f671e71,66b30b0082f3bdff5f671e2a,66b30b0082f3bdff5f671fd3,Fri Sep 06 2019 13:58:47 GMT+0000 (Coordinated Universal Time),Fri Sep 06 2019 13:59:46 GMT+0000 (Coordinated Universal Time),Fri Aug 07 2020 18:31:53 GMT+0000 (Coordinated Universal Time),major-feature,Thu Sep 05 2019 00:00:00 GMT+0000 (Coordinated Universal Time),9,5,2019,1,https://webflow.com/blog/after-effects-and-lottie-meet-webflow,https://uploads-ssl.webflow.com/66b30b0082f3bdff5f671e51/66b30b0082f3bdff5f672110_Happy%20Smiley%20Very.svg,
Connection Manager,connection-manager,66b30b0082f3bdff5f671e71,66b30b0082f3bdff5f671e2a,66b30b0082f3bdff5f671f90,Fri Aug 30 2019 19:08:39 GMT+0000 (Coordinated Universal Time),Fri Aug 30 2019 19:09:38 GMT+0000 (Coordinated Universal Time),Fri Aug 07 2020 18:31:53 GMT+0000 (Coordinated Universal Time),remarkable-feature,Mon Jul 29 2019 00:00:00 GMT+0000 (Coordinated Universal Time),7,29,2019,8,https://webflow.com/feature/quickly-find-and-view-cms-connected-pages-and-elements?utm_source=webflow-update&utm_medium=sybg&utm_campaign=connections-manager-updates,,
No-Code Conference,no-code-conference,66b30b0082f3bdff5f671e71,66b30b0082f3bdff5f671e2a,66b30b0082f3bdff5f671f96,Thu Aug 08 2019 16:03:21 GMT+0000 (Coordinated Universal Time),Mon Dec 02 2019 08:28:33 GMT+0000 (Coordinated Universal Time),Fri Aug 07 2020 18:31:53 GMT+0000 (Coordinated Universal Time),event,Tue Nov 12 2019 00:00:00 GMT+0000 (Coordinated Universal Time),11,12,2019,6,,,
No-Code Con Announced,no-code-con-announced,66b30b0082f3bdff5f671e71,66b30b0082f3bdff5f671e2a,66b30b0082f3bdff5f671fad,Thu Aug 08 2019 16:02:08 GMT+0000 (Coordinated Universal Time),Thu Aug 08 2019 16:02:08 GMT+0000 (Coordinated Universal Time),Fri Aug 07 2020 18:31:53 GMT+0000 (Coordinated Universal Time),announcement,Thu Aug 01 2019 00:00:00 GMT+0000 (Coordinated Universal Time),8,1,2019,6,,,
IE6 is Dead,ie6-is-dead,66b30b0082f3bdff5f671e71,66b30b0082f3bdff5f671e2a,66b30b0082f3bdff5f67202f,Thu Aug 08 2019 15:59:17 GMT+0000 (Coordinated Universal Time),Thu Aug 08 2019 15:59:17 GMT+0000 (Coordinated Universal Time),Fri Aug 07 2020 18:31:53 GMT+0000 (Coordinated Universal Time),history,Sat Feb 09 2019 00:00:00 GMT+0000 (Coordinated Universal Time),2,9,2019,2,https://tech.slashdot.org/story/19/02/09/050208/please-stop-using-internet-explorer-microsoft-says,,
Series A Funding,72-million-series-a-funding,66b30b0082f3bdff5f671e71,66b30b0082f3bdff5f671e2a,66b30b0082f3bdff5f671f3f,Thu Aug 08 2019 15:31:59 GMT+0000 (Coordinated Universal Time),Mon Dec 02 2019 10:36:43 GMT+0000 (Coordinated Universal Time),Fri Aug 07 2020 18:31:53 GMT+0000 (Coordinated Universal Time),milestone,Wed Aug 07 2019 00:00:00 GMT+0000 (Coordinated Universal Time),8,7,2019,7,https://www.forbes.com/sites/alexkonrad/2019/08/07/webflow-went-from-near-bankruptcy-to-72-million-series-a/#7b9a9f5410af,,
Multi-images field,multi-images-field,66b30b0082f3bdff5f671e71,66b30b0082f3bdff5f671e2a,66b30b0082f3bdff5f671f92,Thu Aug 08 2019 15:28:49 GMT+0000 (Coordinated Universal Time),Thu Aug 08 2019 15:28:49 GMT+0000 (Coordinated Universal Time),Fri Aug 07 2020 18:31:53 GMT+0000 (Coordinated Universal Time),feature,Thu Jul 11 2019 00:00:00 GMT+0000 (Coordinated Universal Time),7,11,2019,5,,,
Lightbox Galleries for CMS,lightbox-galleries-for-cms,66b30b0082f3bdff5f671e71,66b30b0082f3bdff5f671e2a,66b30b0082f3bdff5f671fc0,Thu Aug 08 2019 15:27:01 GMT+0000 (Coordinated Universal Time),Thu Aug 08 2019 15:27:01 GMT+0000 (Coordinated Universal Time),Fri Aug 07 2020 18:31:53 GMT+0000 (Coordinated Universal Time),remarkable-feature,Tue Jul 02 2019 00:00:00 GMT+0000 (Coordinated Universal Time),7,2,2019,4,,,
CSS Grid R2,css-grid-r2,66b30b0082f3bdff5f671e71,66b30b0082f3bdff5f671e2a,66b30b0082f3bdff5f671fa1,Thu Aug 08 2019 15:26:03 GMT+0000 (Coordinated Universal Time),Thu Aug 08 2019 15:26:03 GMT+0000 (Coordinated Universal Time),Fri Aug 07 2020 18:31:53 GMT+0000 (Coordinated Universal Time),feature,Tue May 21 2019 00:00:00 GMT+0000 (Coordinated Universal Time),5,21,2019,3,,,
Left side navigator,left-side-navigator,66b30b0082f3bdff5f671e71,66b30b0082f3bdff5f671e2a,66b30b0082f3bdff5f671f74,Thu Aug 08 2019 15:25:22 GMT+0000 (Coordinated Universal Time),Thu Aug 08 2019 15:25:22 GMT+0000 (Coordinated Universal Time),Fri Aug 07 2020 18:31:53 GMT+0000 (Coordinated Universal Time),remarkable-feature,Tue May 14 2019 00:00:00 GMT+0000 (Coordinated Universal Time),5,14,2019,2,,,
Link to spe. Designer page,link-to-specific-pages-in-the-designer,66b30b0082f3bdff5f671e71,66b30b0082f3bdff5f671e2a,66b30b0082f3bdff5f671fdf,Thu Aug 08 2019 15:24:24 GMT+0000 (Coordinated Universal Time),Thu Aug 08 2019 15:36:17 GMT+0000 (Coordinated Universal Time),Fri Aug 07 2020 18:31:53 GMT+0000 (Coordinated Universal Time),feature,Fri Apr 05 2019 00:00:00 GMT+0000 (Coordinated Universal Time),4,5,2019,1,,,
Apple Pay & web payments,apple-pay-web-payments,66b30b0082f3bdff5f671e71,66b30b0082f3bdff5f671e2a,66b30b0082f3bdff5f671fce,Thu Aug 08 2019 15:23:12 GMT+0000 (Coordinated Universal Time),Thu Aug 08 2019 15:23:12 GMT+0000 (Coordinated Universal Time),Fri Aug 07 2020 18:31:53 GMT+0000 (Coordinated Universal Time),feature,Fri Mar 08 2019 00:00:00 GMT+0000 (Coordinated Universal Time),3,8,2019,8,,,
Ecommerce 1.0,ecommerce-1-0,66b30b0082f3bdff5f671e71,66b30b0082f3bdff5f671e2a,66b30b0082f3bdff5f671fb4,Thu Aug 08 2019 15:22:26 GMT+0000 (Coordinated Universal Time),Thu Aug 08 2019 15:22:26 GMT+0000 (Coordinated Universal Time),Fri Aug 07 2020 18:31:53 GMT+0000 (Coordinated Universal Time),major-feature,Tue Feb 19 2019 00:00:00 GMT+0000 (Coordinated Universal Time),2,19,2019,7,https://webflow.com/ecommerce,,
Style Panel UI Refresh,style-panel-ui-refresh,66b30b0082f3bdff5f671e71,66b30b0082f3bdff5f671e2a,66b30b0082f3bdff5f672033,Thu Aug 08 2019 15:21:35 GMT+0000 (Coordinated Universal Time),Thu Aug 08 2019 15:21:35 GMT+0000 (Coordinated Universal Time),Fri Aug 07 2020 18:31:53 GMT+0000 (Coordinated Universal Time),remarkable-feature,Tue Jan 15 2019 00:00:00 GMT+0000 (Coordinated Universal Time),1,15,2019,6,,,
Pagination,pagination,66b30b0082f3bdff5f671e71,66b30b0082f3bdff5f671e2a,66b30b0082f3bdff5f671f22,Thu Aug 08 2019 15:20:38 GMT+0000 (Coordinated Universal Time),Thu Aug 08 2019 15:20:38 GMT+0000 (Coordinated Universal Time),Fri Aug 07 2020 18:31:53 GMT+0000 (Coordinated Universal Time),remarkable-feature,Sat Dec 15 2018 00:00:00 GMT+0000 (Coordinated Universal Time),12,15,2018,5,,,
Firefox support,firefox-support,66b30b0082f3bdff5f671e71,66b30b0082f3bdff5f671e2a,66b30b0082f3bdff5f671fb6,Thu Aug 08 2019 15:19:30 GMT+0000 (Coordinated Universal Time),Thu Aug 08 2019 15:19:30 GMT+0000 (Coordinated Universal Time),Fri Aug 07 2020 18:31:53 GMT+0000 (Coordinated Universal Time),remarkable-feature,Wed Nov 28 2018 00:00:00 GMT+0000 (Coordinated Universal Time),11,28,25018,4,,,
Ecommerce Beta,ecommerce-beta,66b30b0082f3bdff5f671e71,66b30b0082f3bdff5f671e2a,66b30b0082f3bdff5f671fcd,Thu Aug 08 2019 15:18:38 GMT+0000 (Coordinated Universal Time),Thu Aug 08 2019 15:18:38 GMT+0000 (Coordinated Universal Time),Fri Aug 07 2020 18:31:53 GMT+0000 (Coordinated Universal Time),major-feature,Wed Nov 14 2018 00:00:00 GMT+0000 (Coordinated Universal Time),11,14,2018,3,https://webflow.com/blog/webflow-ecommerce-is-now-in-beta,,
CSS Grid,css-grid,66b30b0082f3bdff5f671e71,66b30b0082f3bdff5f671e2a,66b30b0082f3bdff5f671fa8,Thu Aug 08 2019 15:17:30 GMT+0000 (Coordinated Universal Time),Thu Aug 08 2019 15:17:30 GMT+0000 (Coordinated Universal Time),Fri Aug 07 2020 18:31:53 GMT+0000 (Coordinated Universal Time),major-feature,Wed Oct 10 2018 00:00:00 GMT+0000 (Coordinated Universal Time),10,10,2018,2,https://webflow.com/grid,,
Export CMS as CSV,export-cms-as-csv,66b30b0082f3bdff5f671e71,66b30b0082f3bdff5f671e2a,66b30b0082f3bdff5f671f39,Thu Aug 08 2019 15:16:41 GMT+0000 (Coordinated Universal Time),Thu Aug 08 2019 15:16:41 GMT+0000 (Coordinated Universal Time),Fri Aug 07 2020 18:31:53 GMT+0000 (Coordinated Universal Time),remarkable-feature,Wed Oct 03 2018 00:00:00 GMT+0000 (Coordinated Universal Time),10,3,2018,1,https://webflow.com/feature/export-content-as-a-csv,,
Add files as CMS fields,add-files-as-cms-fields,66b30b0082f3bdff5f671e71,66b30b0082f3bdff5f671e2a,66b30b0082f3bdff5f671f93,Thu Aug 08 2019 15:15:46 GMT+0000 (Coordinated Universal Time),Thu Aug 08 2019 15:15:46 GMT+0000 (Coordinated Universal Time),Fri Aug 07 2020 18:31:53 GMT+0000 (Coordinated Universal Time),remarkable-feature,Wed Aug 22 2018 00:00:00 GMT+0000 (Coordinated Universal Time),8,22,2018,8,,,
Upload files to forms,upload-files-to-forms,66b30b0082f3bdff5f671e71,66b30b0082f3bdff5f671e2a,66b30b0082f3bdff5f671fc4,Thu Aug 08 2019 15:15:04 GMT+0000 (Coordinated Universal Time),Thu Aug 08 2019 15:15:04 GMT+0000 (Coordinated Universal Time),Fri Aug 07 2020 18:31:53 GMT+0000 (Coordinated Universal Time),remarkable-feature,Tue Jul 03 2018 00:00:00 GMT+0000 (Coordinated Universal Time),7,3,2018,7,,,
reCaptcha,recaptcha,66b30b0082f3bdff5f671e71,66b30b0082f3bdff5f671e2a,66b30b0082f3bdff5f671ee5,Thu Aug 08 2019 15:14:25 GMT+0000 (Coordinated Universal Time),Thu Aug 08 2019 15:14:25 GMT+0000 (Coordinated Universal Time),Fri Aug 07 2020 18:31:53 GMT+0000 (Coordinated Universal Time),feature,Wed Jun 20 2018 00:00:00 GMT+0000 (Coordinated Universal Time),6,20,2018,6,,,
Pages as drafts,pages-as-drafts,66b30b0082f3bdff5f671e71,66b30b0082f3bdff5f671e2a,66b30b0082f3bdff5f671fd6,Thu Aug 08 2019 15:13:16 GMT+0000 (Coordinated Universal Time),Thu Aug 08 2019 15:13:16 GMT+0000 (Coordinated Universal Time),Fri Aug 07 2020 18:31:53 GMT+0000 (Coordinated Universal Time),feature,Mon Apr 23 2018 00:00:00 GMT+0000 (Coordinated Universal Time),4,23,2018,5,https://webflow.com/feature/save-pages-as-drafts,,
Cross Projects Copy-Paste,cross-projects-copy-paste,66b30b0082f3bdff5f671e71,66b30b0082f3bdff5f671e2a,66b30b0082f3bdff5f671f3d,Thu Aug 08 2019 15:12:18 GMT+0000 (Coordinated Universal Time),Thu Aug 08 2019 15:12:18 GMT+0000 (Coordinated Universal Time),Fri Aug 07 2020 18:31:53 GMT+0000 (Coordinated Universal Time),major-feature,Tue Apr 17 2018 00:00:00 GMT+0000 (Coordinated Universal Time),4,17,2018,4,https://webflow.com/blog/new-feature-copy-and-paste-between-projects,https://uploads-ssl.webflow.com/66b30b0082f3bdff5f671e51/66b30b0082f3bdff5f6720f6_coupon-cut.svg,
Ecommerce Announced,ecommerce-announced,66b30b0082f3bdff5f671e71,66b30b0082f3bdff5f671e2a,66b30b0082f3bdff5f671fcf,Thu Aug 08 2019 15:08:31 GMT+0000 (Coordinated Universal Time),Thu Aug 08 2019 15:09:04 GMT+0000 (Coordinated Universal Time),Fri Aug 07 2020 18:31:53 GMT+0000 (Coordinated Universal Time),announcement,Mon Mar 19 2018 00:00:00 GMT+0000 (Coordinated Universal Time),3,19,2018,3,https://webflow.com/ecommerce,,
Publish Individual Item,publish-individual-item,66b30b0082f3bdff5f671e71,66b30b0082f3bdff5f671e2a,66b30b0082f3bdff5f671f95,Thu Aug 08 2019 15:07:57 GMT+0000 (Coordinated Universal Time),Thu Aug 08 2019 15:07:57 GMT+0000 (Coordinated Universal Time),Fri Aug 07 2020 18:31:53 GMT+0000 (Coordinated Universal Time),feature,Fri Mar 02 2018 00:00:00 GMT+0000 (Coordinated Universal Time),3,2,2018,2,,,
Site Search,site-search,66b30b0082f3bdff5f671e71,66b30b0082f3bdff5f671e2a,66b30b0082f3bdff5f671fdb,Thu Aug 08 2019 15:06:54 GMT+0000 (Coordinated Universal Time),Thu Aug 08 2019 15:06:54 GMT+0000 (Coordinated Universal Time),Fri Aug 07 2020 18:31:53 GMT+0000 (Coordinated Universal Time),remarkable-feature,Thu Nov 30 2017 00:00:00 GMT+0000 (Coordinated Universal Time),11,30,2017,1,,,
Interactions 2.0,interactions-2-0,66b30b0082f3bdff5f671e71,66b30b0082f3bdff5f671e2a,66b30b0082f3bdff5f671fd9,Thu Aug 08 2019 15:06:02 GMT+0000 (Coordinated Universal Time),Thu Aug 08 2019 15:06:02 GMT+0000 (Coordinated Universal Time),Fri Aug 07 2020 18:31:53 GMT+0000 (Coordinated Universal Time),major-feature,Tue Oct 24 2017 00:00:00 GMT+0000 (Coordinated Universal Time),10,24,2017,8,https://webflow.com/ix2,,
Duplicate class,duplicate-class,66b30b0082f3bdff5f671e71,66b30b0082f3bdff5f671e2a,66b30b0082f3bdff5f671f3b,Thu Aug 08 2019 15:04:48 GMT+0000 (Coordinated Universal Time),Thu Aug 08 2019 15:04:48 GMT+0000 (Coordinated Universal Time),Fri Aug 07 2020 18:31:53 GMT+0000 (Coordinated Universal Time),feature,Thu Jun 29 2017 00:00:00 GMT+0000 (Coordinated Universal Time),6,29,2017,7,,,
CMS CSV Import,cms-csv-import,66b30b0082f3bdff5f671e71,66b30b0082f3bdff5f671e2a,66b30b0082f3bdff5f671f9e,Thu Aug 08 2019 15:03:32 GMT+0000 (Coordinated Universal Time),Thu Aug 08 2019 15:34:44 GMT+0000 (Coordinated Universal Time),Fri Aug 07 2020 18:31:53 GMT+0000 (Coordinated Universal Time),major-feature,Tue May 09 2017 00:00:00 GMT+0000 (Coordinated Universal Time),5,9,2017,6,https://webflow.com/feature/csv-import,,
Item publish from API,item-publish-from-api,66b30b0082f3bdff5f671e71,66b30b0082f3bdff5f671e2a,66b30b0082f3bdff5f671f88,Thu Aug 08 2019 15:02:50 GMT+0000 (Coordinated Universal Time),Thu Aug 08 2019 15:35:23 GMT+0000 (Coordinated Universal Time),Fri Aug 07 2020 18:31:53 GMT+0000 (Coordinated Universal Time),feature,Wed Mar 08 2017 00:00:00 GMT+0000 (Coordinated Universal Time),3,8,2017,8,,,
Webflow Experts,webflow-experts,66b30b0082f3bdff5f671e71,66b30b0082f3bdff5f671e2a,66b30b0082f3bdff5f671fe1,Thu Aug 08 2019 15:01:51 GMT+0000 (Coordinated Universal Time),Thu Aug 08 2019 15:01:51 GMT+0000 (Coordinated Universal Time),Fri Aug 07 2020 18:31:53 GMT+0000 (Coordinated Universal Time),announcement,Tue Mar 14 2017 00:00:00 GMT+0000 (Coordinated Universal Time),3,14,2017,4,https://experts.webflow.com/,,
Auto class naming,auto-class-naming,66b30b0082f3bdff5f671e71,66b30b0082f3bdff5f671e2a,66b30b0082f3bdff5f671f97,Thu Aug 08 2019 15:01:19 GMT+0000 (Coordinated Universal Time),Thu Aug 08 2019 15:01:19 GMT+0000 (Coordinated Universal Time),Fri Aug 07 2020 18:31:53 GMT+0000 (Coordinated Universal Time),feature,Wed Mar 08 2017 00:00:00 GMT+0000 (Coordinated Universal Time),3,8,2017,3,,,
Global Swatches,global-swatches,66b30b0082f3bdff5f671e71,66b30b0082f3bdff5f671e2a,66b30b0082f3bdff5f671ebf,Thu Aug 08 2019 14:59:54 GMT+0000 (Coordinated Universal Time),Thu Aug 08 2019 14:59:54 GMT+0000 (Coordinated Universal Time),Fri Aug 07 2020 18:31:53 GMT+0000 (Coordinated Universal Time),feature,Fri Feb 17 2017 00:00:00 GMT+0000 (Coordinated Universal Time),2,17,2017,2,,,
CMS + Zapier,cmw-zapier,66b30b0082f3bdff5f671e71,66b30b0082f3bdff5f671e2a,66b30b0082f3bdff5f671fdd,Thu Aug 08 2019 14:57:27 GMT+0000 (Coordinated Universal Time),Thu Aug 08 2019 14:57:56 GMT+0000 (Coordinated Universal Time),Fri Aug 07 2020 18:31:53 GMT+0000 (Coordinated Universal Time),remarkable-feature,Thu Jan 26 2017 00:00:00 GMT+0000 (Coordinated Universal Time),1,26,2017,1,https://webflow.com/feature/create-cms-items-with-zapier,,
Whishlist site,whishlist-site,66b30b0082f3bdff5f671e71,66b30b0082f3bdff5f671e2a,66b30b0082f3bdff5f671fae,Thu Aug 08 2019 14:56:29 GMT+0000 (Coordinated Universal Time),Thu Aug 08 2019 14:56:38 GMT+0000 (Coordinated Universal Time),Fri Aug 07 2020 18:31:53 GMT+0000 (Coordinated Universal Time),announcement,Wed Jan 18 2017 00:00:00 GMT+0000 (Coordinated Universal Time),1,18,2017,7,https://webflow.com/blog/building-a-community-powered-product-roadmap,,
CMS API,cms-api,66b30b0082f3bdff5f671e71,66b30b0082f3bdff5f671e2a,66b30b0082f3bdff5f671fbd,Thu Aug 08 2019 14:54:47 GMT+0000 (Coordinated Universal Time),Thu Aug 08 2019 14:54:57 GMT+0000 (Coordinated Universal Time),Fri Aug 07 2020 18:31:53 GMT+0000 (Coordinated Universal Time),major-feature,Mon Dec 19 2016 00:00:00 GMT+0000 (Coordinated Universal Time),12,19,2016,6,https://webflow.com/feature/cms-api,,
SSL for the masses,ssl-for-the-masses,66b30b0082f3bdff5f671e71,66b30b0082f3bdff5f671e2a,66b30b0082f3bdff5f671f9b,Thu Aug 08 2019 14:54:17 GMT+0000 (Coordinated Universal Time),Thu Aug 08 2019 14:55:05 GMT+0000 (Coordinated Universal Time),Fri Aug 07 2020 18:31:53 GMT+0000 (Coordinated Universal Time),remarkable-feature,Thu Dec 15 2016 00:00:00 GMT+0000 (Coordinated Universal Time),12,15,2016,5,https://webflow.com/feature/ssl,,
2FA,2fa,66b30b0082f3bdff5f671e71,66b30b0082f3bdff5f671e2a,66b30b0082f3bdff5f671fbe,Thu Aug 08 2019 14:53:12 GMT+0000 (Coordinated Universal Time),Thu Aug 08 2019 14:53:12 GMT+0000 (Coordinated Universal Time),Fri Aug 07 2020 18:31:53 GMT+0000 (Coordinated Universal Time),feature,Tue Nov 22 2016 00:00:00 GMT+0000 (Coordinated Universal Time),11,22,2016,4,,,
IX2 Announced,ix2-announced,66b30b0082f3bdff5f671e71,66b30b0082f3bdff5f671e2a,66b30b0082f3bdff5f671faf,Thu Aug 08 2019 14:52:22 GMT+0000 (Coordinated Universal Time),Thu Aug 08 2019 14:52:22 GMT+0000 (Coordinated Universal Time),Fri Aug 07 2020 18:31:53 GMT+0000 (Coordinated Universal Time),announcement,Thu Sep 01 2016 00:00:00 GMT+0000 (Coordinated Universal Time),9,1,2016,3,,,
Client Billing,client-billing,66b30b0082f3bdff5f671e71,66b30b0082f3bdff5f671e2a,66b30b0082f3bdff5f67202d,Thu Aug 08 2019 14:51:29 GMT+0000 (Coordinated Universal Time),Thu Aug 08 2019 14:51:29 GMT+0000 (Coordinated Universal Time),Fri Aug 07 2020 18:31:53 GMT+0000 (Coordinated Universal Time),remarkable-feature,Wed Aug 31 2016 00:00:00 GMT+0000 (Coordinated Universal Time),8,31,2016,2,https://webflow.com/feature/client-billing-release,,
CSS Filters,css-filters,66b30b0082f3bdff5f671e71,66b30b0082f3bdff5f671e2a,66b30b0082f3bdff5f671f9a,Thu Aug 08 2019 14:50:32 GMT+0000 (Coordinated Universal Time),Thu Aug 08 2019 14:51:34 GMT+0000 (Coordinated Universal Time),Fri Aug 07 2020 18:31:53 GMT+0000 (Coordinated Universal Time),major-feature,Tue Apr 19 2016 00:00:00 GMT+0000 (Coordinated Universal Time),4,19,2016,1,https://webflow.com/blog/new-feature-css-filters,,
Flexbox!,flexbox,66b30b0082f3bdff5f671e71,66b30b0082f3bdff5f671e2a,66b30b0082f3bdff5f671fb5,Thu Aug 08 2019 14:49:30 GMT+0000 (Coordinated Universal Time),Thu Aug 08 2019 14:49:30 GMT+0000 (Coordinated Universal Time),Fri Aug 07 2020 18:31:53 GMT+0000 (Coordinated Universal Time),major-feature,Wed Apr 13 2016 00:00:00 GMT+0000 (Coordinated Universal Time),4,13,2016,8,https://www.flexboxgame.com/,,
Editor Multiple collaborators,editor-multiple-collaborators,66b30b0082f3bdff5f671e71,66b30b0082f3bdff5f671e2a,66b30b0082f3bdff5f671fa6,Thu Aug 08 2019 14:48:42 GMT+0000 (Coordinated Universal Time),Thu Aug 08 2019 14:48:42 GMT+0000 (Coordinated Universal Time),Fri Aug 07 2020 18:31:53 GMT+0000 (Coordinated Universal Time),feature,Fri Mar 25 2016 00:00:00 GMT+0000 (Coordinated Universal Time),3,25,2016,7,,,
Backround Video comp.,backround-video-component,66b30b0082f3bdff5f671e71,66b30b0082f3bdff5f671e2a,66b30b0082f3bdff5f67202b,Thu Aug 08 2019 14:47:42 GMT+0000 (Coordinated Universal Time),Thu Aug 08 2019 15:36:57 GMT+0000 (Coordinated Universal Time),Fri Aug 07 2020 18:31:53 GMT+0000 (Coordinated Universal Time),remarkable-feature,Tue Mar 08 2016 00:00:00 GMT+0000 (Coordinated Universal Time),3,8,2016,6,https://webflow.com/blog/new-feature-the-background-video-component,,
Background color overlays,background-color-overlays,66b30b0082f3bdff5f671e71,66b30b0082f3bdff5f671e2a,66b30b0082f3bdff5f671f99,Thu Aug 08 2019 14:46:27 GMT+0000 (Coordinated Universal Time),Thu Aug 08 2019 14:46:27 GMT+0000 (Coordinated Universal Time),Fri Aug 07 2020 18:31:53 GMT+0000 (Coordinated Universal Time),feature,Thu Feb 25 2016 00:00:00 GMT+0000 (Coordinated Universal Time),2,25,2016,5,,,
Dynamic SEO & OG,dynamic-seo-og,66b30b0082f3bdff5f671e71,66b30b0082f3bdff5f671e2a,66b30b0082f3bdff5f672035,Thu Aug 08 2019 14:44:30 GMT+0000 (Coordinated Universal Time),Thu Aug 08 2019 14:44:30 GMT+0000 (Coordinated Universal Time),Fri Aug 07 2020 18:31:53 GMT+0000 (Coordinated Universal Time),feature,Thu Jan 07 2016 00:00:00 GMT+0000 (Coordinated Universal Time),1,7,2016,4,,,
CMS Conditional Visibility,cms-conditional-visibility,66b30b0082f3bdff5f671e71,66b30b0082f3bdff5f671e2a,66b30b0082f3bdff5f671f89,Thu Aug 08 2019 14:43:39 GMT+0000 (Coordinated Universal Time),Thu Aug 08 2019 14:43:39 GMT+0000 (Coordinated Universal Time),Fri Aug 07 2020 18:31:53 GMT+0000 (Coordinated Universal Time),feature,Sat Dec 19 2015 00:00:00 GMT+0000 (Coordinated Universal Time),12,19,2015,3,,,
3D Transform,3d-transform,66b30b0082f3bdff5f671e71,66b30b0082f3bdff5f671e2a,66b30b0082f3bdff5f672037,Thu Aug 08 2019 14:43:03 GMT+0000 (Coordinated Universal Time),Thu Aug 08 2019 14:43:03 GMT+0000 (Coordinated Universal Time),Fri Aug 07 2020 18:31:53 GMT+0000 (Coordinated Universal Time),remarkable-feature,Tue Dec 15 2015 00:00:00 GMT+0000 (Coordinated Universal Time),12,15,2015,2,http://3d-transforms.webflow.com/,,
Designers Ecosystem,designers-ecosystem,66b30b0082f3bdff5f671e71,66b30b0082f3bdff5f671e2a,66b30b0082f3bdff5f671f9c,Thu Aug 08 2019 14:39:03 GMT+0000 (Coordinated Universal Time),Thu Aug 08 2019 14:39:51 GMT+0000 (Coordinated Universal Time),Fri Aug 07 2020 18:31:53 GMT+0000 (Coordinated Universal Time),major-feature,Thu Jan 15 2015 00:00:00 GMT+0000 (Coordinated Universal Time),1,15,2015,8,,,
CMS Announced,cms-announced,66b30b0082f3bdff5f671e71,66b30b0082f3bdff5f671e2a,66b30b0082f3bdff5f672031,Thu Aug 08 2019 14:36:51 GMT+0000 (Coordinated Universal Time),Thu Aug 08 2019 14:37:15 GMT+0000 (Coordinated Universal Time),Fri Aug 07 2020 18:31:53 GMT+0000 (Coordinated Universal Time),announcement,Sat Nov 15 2014 00:00:00 GMT+0000 (Coordinated Universal Time),11,15,2014,7,,,
Webflow CMS!,webflow-cms,66b30b0082f3bdff5f671e71,66b30b0082f3bdff5f671e2a,66b30b0082f3bdff5f671fdc,Thu Aug 08 2019 14:21:46 GMT+0000 (Coordinated Universal Time),Thu Aug 08 2019 14:21:46 GMT+0000 (Coordinated Universal Time),Fri Aug 07 2020 18:31:53 GMT+0000 (Coordinated Universal Time),major-feature,Wed Oct 07 2015 00:00:00 GMT+0000 (Coordinated Universal Time),10,7,2015,1,http://help.webflow.com/courses/webflow-cms,,
Open Graph Settings,open-graph-settings,66b30b0082f3bdff5f671e71,66b30b0082f3bdff5f671e2a,66b30b0082f3bdff5f671f8b,Thu Aug 08 2019 14:17:50 GMT+0000 (Coordinated Universal Time),Thu Aug 08 2019 14:17:50 GMT+0000 (Coordinated Universal Time),Fri Aug 07 2020 18:31:53 GMT+0000 (Coordinated Universal Time),feature,Fri Aug 21 2015 00:00:00 GMT+0000 (Coordinated Universal Time),8,21,2015,8,,,
Canvas resize,canvas-resize,66b30b0082f3bdff5f671e71,66b30b0082f3bdff5f671e2a,66b30b0082f3bdff5f671fa0,Thu Aug 08 2019 14:15:53 GMT+0000 (Coordinated Universal Time),Thu Aug 08 2019 14:15:53 GMT+0000 (Coordinated Universal Time),Fri Aug 07 2020 18:31:53 GMT+0000 (Coordinated Universal Time),remarkable-feature,Mon Apr 27 2015 00:00:00 GMT+0000 (Coordinated Universal Time),4,27,2015,7,http://forum.webflow.com/t/new-feature-canvas-resizing/11745,,
Asset Manager,asset-manager,66b30b0082f3bdff5f671e71,66b30b0082f3bdff5f671e2a,66b30b0082f3bdff5f67202e,Thu Aug 08 2019 14:14:54 GMT+0000 (Coordinated Universal Time),Thu Aug 08 2019 14:14:54 GMT+0000 (Coordinated Universal Time),Fri Aug 07 2020 18:31:53 GMT+0000 (Coordinated Universal Time),remarkable-feature,Fri Apr 24 2015 00:00:00 GMT+0000 (Coordinated Universal Time),4,24,2015,6,http://forum.webflow.com/t/new-feature-asset-manager/11506,,
Stagings on webflow.io,stagings-on-webflow-io,66b30b0082f3bdff5f671e71,66b30b0082f3bdff5f671e2a,66b30b0082f3bdff5f671f94,Thu Aug 08 2019 14:13:25 GMT+0000 (Coordinated Universal Time),Fri Aug 09 2019 16:16:36 GMT+0000 (Coordinated Universal Time),Fri Aug 07 2020 18:31:53 GMT+0000 (Coordinated Universal Time),feature,Tue Apr 21 2015 00:00:00 GMT+0000 (Coordinated Universal Time),4,21,2015,5,http://forum.webflow.com/t/migrating-to-webflow-io-hosted-subdomains/11145,,
Zapier Form integration,zapier-form-integration,66b30b0082f3bdff5f671e71,66b30b0082f3bdff5f671e2a,66b30b0082f3bdff5f671fcb,Thu Aug 08 2019 14:12:12 GMT+0000 (Coordinated Universal Time),Thu Aug 08 2019 14:12:12 GMT+0000 (Coordinated Universal Time),Fri Aug 07 2020 18:31:53 GMT+0000 (Coordinated Universal Time),remarkable-feature,Mon Apr 13 2015 00:00:00 GMT+0000 (Coordinated Universal Time),4,13,2015,4,http://forum.webflow.com/t/new-feature-zapier-integration-for-form-submissions/11188,,
Visual Images resizing,visual-images-resizing,66b30b0082f3bdff5f671e71,66b30b0082f3bdff5f671e2a,66b30b0082f3bdff5f671fa9,Thu Aug 08 2019 14:11:07 GMT+0000 (Coordinated Universal Time),Thu Aug 08 2019 14:11:07 GMT+0000 (Coordinated Universal Time),Fri Aug 07 2020 18:31:53 GMT+0000 (Coordinated Universal Time),feature,Wed Mar 25 2015 00:00:00 GMT+0000 (Coordinated Universal Time),3,25,2015,3,http://forum.webflow.com/t/new-feature-visual-image-resize/10699/1,,
Minify CSS Publishing Option,minify-css-publishing-option,66b30b0082f3bdff5f671e71,66b30b0082f3bdff5f671e2a,66b30b0082f3bdff5f671fd2,Thu Aug 08 2019 14:09:29 GMT+0000 (Coordinated Universal Time),Thu Aug 08 2019 14:10:21 GMT+0000 (Coordinated Universal Time),Fri Aug 07 2020 18:31:53 GMT+0000 (Coordinated Universal Time),feature,Mon Feb 23 2015 00:00:00 GMT+0000 (Coordinated Universal Time),2,23,2015,2,,,
IE6 is not even dead,ie6-is-not-even-dead,66b30b0082f3bdff5f671e71,66b30b0082f3bdff5f671e2a,66b30b0082f3bdff5f671f40,Thu Aug 08 2019 13:44:50 GMT+0000 (Coordinated Universal Time),Thu Aug 08 2019 13:45:13 GMT+0000 (Coordinated Universal Time),Fri Aug 07 2020 18:31:53 GMT+0000 (Coordinated Universal Time),history,Fri Feb 01 2013 00:00:00 GMT+0000 (Coordinated Universal Time),2,1,2013,8,,,
Selective Publish Targets,selective-publish-targets,66b30b0082f3bdff5f671e71,66b30b0082f3bdff5f671e2a,66b30b0082f3bdff5f67202c,Thu Aug 08 2019 12:57:30 GMT+0000 (Coordinated Universal Time),Thu Aug 08 2019 12:57:30 GMT+0000 (Coordinated Universal Time),Fri Aug 07 2020 18:31:53 GMT+0000 (Coordinated Universal Time),remarkable-feature,Tue Feb 03 2015 00:00:00 GMT+0000 (Coordinated Universal Time),2,3,2015,1,http://blog.webflow.com/publish-targets-and-domain-redirect,,
Folders & sub pages,folders-sub-pages,66b30b0082f3bdff5f671e71,66b30b0082f3bdff5f671e2a,66b30b0082f3bdff5f671f9d,Thu Aug 08 2019 12:56:29 GMT+0000 (Coordinated Universal Time),Thu Aug 08 2019 12:56:29 GMT+0000 (Coordinated Universal Time),Fri Aug 07 2020 18:31:53 GMT+0000 (Coordinated Universal Time),feature,Thu Nov 06 2014 00:00:00 GMT+0000 (Coordinated Universal Time),11,6,2014,6,,,
Designer UI refresh,designer-ui-refresh,66b30b0082f3bdff5f671e71,66b30b0082f3bdff5f671e2a,66b30b0082f3bdff5f671fd8,Thu Aug 08 2019 12:55:22 GMT+0000 (Coordinated Universal Time),Thu Aug 08 2019 12:55:22 GMT+0000 (Coordinated Universal Time),Fri Aug 07 2020 18:31:53 GMT+0000 (Coordinated Universal Time),remarkable-feature,Thu Aug 14 2014 00:00:00 GMT+0000 (Coordinated Universal Time),8,14,2014,5,,,
301 Redirects,301-redirects,66b30b0082f3bdff5f671e71,66b30b0082f3bdff5f671e2a,66b30b0082f3bdff5f671fa5,Thu Aug 08 2019 12:54:18 GMT+0000 (Coordinated Universal Time),Thu Aug 08 2019 12:54:18 GMT+0000 (Coordinated Universal Time),Fri Aug 07 2020 18:31:53 GMT+0000 (Coordinated Universal Time),remarkable-feature,Sat Aug 09 2014 00:00:00 GMT+0000 (Coordinated Universal Time),8,9,2014,4,,,
Lightbox,lightbox,66b30b0082f3bdff5f671e71,66b30b0082f3bdff5f671e2a,66b30b0082f3bdff5f671f8c,Thu Aug 08 2019 12:53:36 GMT+0000 (Coordinated Universal Time),Thu Aug 08 2019 12:53:36 GMT+0000 (Coordinated Universal Time),Fri Aug 07 2020 18:31:53 GMT+0000 (Coordinated Universal Time),feature,Tue Jul 22 2014 00:00:00 GMT+0000 (Coordinated Universal Time),7,22,2014,3,http://blog.webflow.com/introducing-lightbox,,
Tabs element,tabs-element,66b30b0082f3bdff5f671e71,66b30b0082f3bdff5f671e2a,66b30b0082f3bdff5f671f8e,Thu Aug 08 2019 12:52:44 GMT+0000 (Coordinated Universal Time),Thu Aug 08 2019 12:52:44 GMT+0000 (Coordinated Universal Time),Fri Aug 07 2020 18:31:53 GMT+0000 (Coordinated Universal Time),feature,Wed Jun 04 2014 00:00:00 GMT+0000 (Coordinated Universal Time),6,4,2014,2,,,
Custom fonts,custom-fonts,66b30b0082f3bdff5f671e71,66b30b0082f3bdff5f671e2a,66b30b0082f3bdff5f671fab,Thu Aug 08 2019 12:52:13 GMT+0000 (Coordinated Universal Time),Thu Aug 08 2019 12:52:13 GMT+0000 (Coordinated Universal Time),Fri Aug 07 2020 18:31:53 GMT+0000 (Coordinated Universal Time),remarkable-feature,Wed Jun 04 2014 00:00:00 GMT+0000 (Coordinated Universal Time),6,4,2014,1,http://help.webflow.com/custom-fonts,,
Symbols,symbols,66b30b0082f3bdff5f671e71,66b30b0082f3bdff5f671e2a,66b30b0082f3bdff5f672036,Thu Aug 08 2019 12:29:32 GMT+0000 (Coordinated Universal Time),Thu Aug 08 2019 12:29:32 GMT+0000 (Coordinated Universal Time),Fri Aug 07 2020 18:31:53 GMT+0000 (Coordinated Universal Time),remarkable-feature,Thu May 01 2014 00:00:00 GMT+0000 (Coordinated Universal Time),5,1,2014,8,http://symbols.webflow.com/,,
Interactions 1.0,interactions-1-0,66b30b0082f3bdff5f671e71,66b30b0082f3bdff5f671e2a,66b30b0082f3bdff5f671fc6,Thu Aug 08 2019 12:28:40 GMT+0000 (Coordinated Universal Time),Thu Aug 08 2019 12:28:40 GMT+0000 (Coordinated Universal Time),Fri Aug 07 2020 18:31:53 GMT+0000 (Coordinated Universal Time),major-feature,Wed Apr 16 2014 00:00:00 GMT+0000 (Coordinated Universal Time),4,16,2014,7,http://interactions.webflow.com/,,
Webflow Blog,webflow-blog,66b30b0082f3bdff5f671e71,66b30b0082f3bdff5f671e2a,66b30b0082f3bdff5f671fde,Thu Aug 08 2019 12:25:45 GMT+0000 (Coordinated Universal Time),Thu Aug 08 2019 12:27:21 GMT+0000 (Coordinated Universal Time),Fri Aug 07 2020 18:31:53 GMT+0000 (Coordinated Universal Time),announcement,Fri Apr 04 2014 00:00:00 GMT+0000 (Coordinated Universal Time),4,4,2014,6,http://blog.webflow.com/designers-will-rule-the-web,,
Custom 404 pages,custom-404-pages,66b30b0082f3bdff5f671e71,66b30b0082f3bdff5f671e2a,66b30b0082f3bdff5f671fa4,Thu Aug 08 2019 12:20:18 GMT+0000 (Coordinated Universal Time),Thu Aug 08 2019 12:20:26 GMT+0000 (Coordinated Universal Time),Fri Aug 07 2020 18:31:53 GMT+0000 (Coordinated Universal Time),remarkable-feature,Fri Mar 14 2014 00:00:00 GMT+0000 (Coordinated Universal Time),3,14,2014,5,,,
Mailchimp support,mailchimp-support,66b30b0082f3bdff5f671e71,66b30b0082f3bdff5f671e2a,66b30b0082f3bdff5f671f8f,Thu Aug 08 2019 12:18:33 GMT+0000 (Coordinated Universal Time),Thu Aug 08 2019 12:19:22 GMT+0000 (Coordinated Universal Time),Fri Aug 07 2020 18:31:53 GMT+0000 (Coordinated Universal Time),remarkable-feature,Fri Jan 17 2014 00:00:00 GMT+0000 (Coordinated Universal Time),1,17,2014,3,,,
Navbar element,navbar-element,66b30b0082f3bdff5f671e71,66b30b0082f3bdff5f671e2a,66b30b0082f3bdff5f671f8d,Thu Aug 08 2019 12:17:14 GMT+0000 (Coordinated Universal Time),Thu Aug 08 2019 12:19:27 GMT+0000 (Coordinated Universal Time),Fri Aug 07 2020 18:31:53 GMT+0000 (Coordinated Universal Time),feature,Fri Mar 14 2014 00:00:00 GMT+0000 (Coordinated Universal Time),3,14,2014,4,http://forum.webflow.com/t/navbar-initial-release/1314,,
Color Swatches,color-swatches,66b30b0082f3bdff5f671e71,66b30b0082f3bdff5f671e2a,66b30b0082f3bdff5f671fd5,Thu Aug 08 2019 12:14:30 GMT+0000 (Coordinated Universal Time),Thu Aug 08 2019 12:16:46 GMT+0000 (Coordinated Universal Time),Fri Aug 07 2020 18:31:53 GMT+0000 (Coordinated Universal Time),feature,Wed Jan 15 2014 00:00:00 GMT+0000 (Coordinated Universal Time),1,15,2014,2,,,
Lists,lists,66b30b0082f3bdff5f671e71,66b30b0082f3bdff5f671e2a,66b30b0082f3bdff5f671fc7,Thu Aug 08 2019 12:11:22 GMT+0000 (Coordinated Universal Time),Thu Aug 08 2019 12:15:26 GMT+0000 (Coordinated Universal Time),Fri Aug 07 2020 18:31:53 GMT+0000 (Coordinated Universal Time),feature,Mon Jan 06 2014 00:00:00 GMT+0000 (Coordinated Universal Time),1,6,2014,1,,,
Team Plan,team-plan,66b30b0082f3bdff5f671e71,66b30b0082f3bdff5f671e2a,66b30b0082f3bdff5f671fa2,Thu Aug 08 2019 12:08:28 GMT+0000 (Coordinated Universal Time),Thu Aug 08 2019 12:10:12 GMT+0000 (Coordinated Universal Time),Fri Aug 07 2020 18:31:53 GMT+0000 (Coordinated Universal Time),major-feature,Fri Dec 06 2013 00:00:00 GMT+0000 (Coordinated Universal Time),12,6,2013,4,,,
Slider element,slider-element,66b30b0082f3bdff5f671e71,66b30b0082f3bdff5f671e2a,66b30b0082f3bdff5f671fc5,Thu Aug 08 2019 11:59:14 GMT+0000 (Coordinated Universal Time),Thu Aug 08 2019 12:15:33 GMT+0000 (Coordinated Universal Time),Fri Aug 07 2020 18:31:53 GMT+0000 (Coordinated Universal Time),feature,Sat Dec 14 2013 00:00:00 GMT+0000 (Coordinated Universal Time),12,14,2013,5,,,
Maps Widget,maps-widget,66b30b0082f3bdff5f671e71,66b30b0082f3bdff5f671e2a,66b30b0082f3bdff5f671fd0,Thu Aug 08 2019 11:57:46 GMT+0000 (Coordinated Universal Time),Thu Aug 08 2019 12:16:04 GMT+0000 (Coordinated Universal Time),Fri Aug 07 2020 18:31:53 GMT+0000 (Coordinated Universal Time),feature,Wed Nov 06 2013 00:00:00 GMT+0000 (Coordinated Universal Time),11,6,2013,3,,,
Forms,forms,66b30b0082f3bdff5f671e71,66b30b0082f3bdff5f671e2a,66b30b0082f3bdff5f671f91,Thu Aug 08 2019 08:42:08 GMT+0000 (Coordinated Universal Time),Thu Aug 08 2019 12:16:08 GMT+0000 (Coordinated Universal Time),Fri Aug 07 2020 18:31:53 GMT+0000 (Coordinated Universal Time),feature,Tue Oct 01 2013 00:00:00 GMT+0000 (Coordinated Universal Time),10,1,2013,2,,,
Webflow launch,webflow-launch,66b30b0082f3bdff5f671e71,66b30b0082f3bdff5f671e2a,66b30b0082f3bdff5f671fc2,Thu Aug 08 2019 08:41:20 GMT+0000 (Coordinated Universal Time),Thu Aug 08 2019 11:44:38 GMT+0000 (Coordinated Universal Time),Fri Aug 07 2020 18:31:53 GMT+0000 (Coordinated Universal Time),milestone,Mon Aug 05 2013 00:00:00 GMT+0000 (Coordinated Universal Time),8,5,2013,1,,,
